City_ID,City,Country,Lat,Long,Max Temp,Humidity,Clouds,Wind,Current Descrption
0,Barrow,US,71.2906,-156.7887,-16.58,76,100,4.61,overcast clouds
1,Lavrentiya,RU,65.5833,-171.0,-2.97,87,18,6.73,few clouds
2,Vaini,TO,-21.2,-175.2,80.76,78,40,0.0,scattered clouds
3,Provideniya,RU,64.3833,-173.3,4.98,70,30,6.26,scattered clouds
4,Punta Arenas,CL,-53.15,-70.9167,48.31,49,20,17.27,few clouds
5,Moose Factory,CA,51.2585,-80.6094,34.12,98,92,6.62,overcast clouds
6,Acapulco de Juárez,MX,16.8634,-99.8901,80.42,74,0,16.11,clear sky
7,Yellowknife,CA,62.456,-114.3525,34.29,92,94,8.25,overcast clouds
8,Huttwil,CH,47.115,7.8621,47.75,99,99,1.5,overcast clouds
9,Pangkalanbuun,ID,-2.6833,111.6167,74.07,98,100,2.53,overcast clouds
10,Chapais,CA,49.7834,-74.8492,34.83,58,75,3.0,broken clouds
11,Ancud,CL,-41.8697,-73.8203,57.22,92,100,13.71,light rain
12,Nānākuli,US,21.3906,-158.1547,82.35,61,75,11.5,broken clouds
13,New Norfolk,AU,-42.7826,147.0587,53.1,67,69,0.83,broken clouds
14,Bluff,NZ,-46.6,168.3333,54.19,72,94,34.27,overcast clouds
15,Ituiutaba,BR,-18.9689,-49.465,85.03,54,78,4.94,broken clouds
16,Faanui,PF,-16.4833,-151.75,83.05,76,7,20.15,clear sky
17,Luganville,VU,-15.5333,167.1667,80.96,83,100,12.06,overcast clouds
18,Kumul,CN,42.8,93.45,62.01,16,0,6.69,clear sky
19,Cape Town,ZA,-33.9258,18.4232,59.88,85,22,3.0,few clouds
20,Hermanus,ZA,-34.4187,19.2345,59.81,79,1,14.2,clear sky
21,Calabozo,VE,8.9242,-67.4293,99.66,25,88,5.7,overcast clouds
22,Port Hardy,CA,50.6996,-127.4199,41.18,81,75,11.5,light intensity shower rain
23,Dalvik,IS,65.9702,-18.5286,25.0,94,100,24.25,snow
24,Ribeira Grande,PT,38.5167,-28.7,63.0,77,40,8.05,scattered clouds
25,St. George's,GD,12.0564,-61.7485,80.42,72,98,16.33,overcast clouds
26,Rikitea,PF,-23.1203,-134.9692,79.0,68,24,20.27,few clouds
27,Saint Paul Harbor,US,57.79,-152.4072,38.71,56,0,9.22,clear sky
28,Ürümqi,CN,43.801,87.6005,58.15,29,0,11.18,clear sky
29,George Town,MY,5.4112,100.3354,78.73,89,20,3.44,few clouds
30,Vila Velha,BR,-20.3297,-40.2925,85.95,77,0,12.66,clear sky
31,Kapaa,US,22.0752,-159.319,78.78,93,100,16.11,light rain
32,Ntcheu,MW,-14.8203,34.6359,65.25,94,88,1.19,light rain
33,Nea Fokaia,GR,40.1333,23.4,51.46,73,0,3.62,clear sky
34,Awjilah,LY,29.1081,21.2869,89.78,8,79,6.62,broken clouds
35,Tateyama,JP,34.9833,139.8667,57.85,81,100,6.98,overcast clouds
36,Dingle,PH,10.9995,122.6711,74.77,92,100,8.05,moderate rain
37,Iqaluit,CA,63.7506,-68.5145,7.7,78,100,27.0,overcast clouds
38,‘Āhuimanu,US,21.4447,-157.8378,82.11,67,40,12.66,scattered clouds
39,Dahra,DZ,36.2546,0.8519,50.11,92,23,17.54,few clouds
40,Saint George,US,37.1041,-113.5841,81.19,15,0,20.71,clear sky
41,Jamestown,US,42.097,-79.2353,64.02,30,0,9.22,clear sky
42,Tasiilaq,GL,65.6145,-37.6368,24.96,94,48,5.41,scattered clouds
43,Nikol'sk,RU,53.7189,46.0712,28.09,88,100,9.24,overcast clouds
44,Durant,US,33.994,-96.3708,84.49,56,0,14.97,clear sky
45,Tete,MZ,-16.1564,33.5867,80.11,74,92,3.53,light rain
46,Carnarvon,AU,-24.8667,113.6333,71.67,78,0,9.22,clear sky
47,Mnogovershinnyy,RU,53.9353,139.9242,26.04,97,100,7.23,snow
48,Torbay,CA,47.6666,-52.7314,42.89,85,75,18.41,broken clouds
49,Kāvali,IN,14.9167,79.9833,76.15,92,60,6.78,broken clouds
50,Atar,MR,20.5169,-13.0499,81.73,20,3,7.7,clear sky
51,Salalah,OM,17.0151,54.0924,78.89,83,40,2.3,scattered clouds
52,Richards Bay,ZA,-28.783,32.0377,72.12,89,32,0.87,scattered clouds
53,Arraial do Cabo,BR,-22.9661,-42.0278,76.86,88,75,11.5,broken clouds
54,Butaritari,KI,3.0707,172.7902,81.0,81,34,17.0,light rain
55,Bereket,TM,39.2446,55.5154,63.34,52,100,7.47,overcast clouds
56,Ushuaia,AR,-54.8,-68.3,40.62,84,67,5.59,light rain
57,Luanda,AO,-8.8368,13.2343,77.29,85,82,12.97,broken clouds
58,Dikson,RU,73.5069,80.5464,4.41,76,97,16.42,overcast clouds
59,Aiken,US,33.5835,-81.5998,70.11,97,100,6.91,moderate rain
60,Saint-Philippe,RE,-21.3585,55.7679,78.39,87,56,10.16,broken clouds
61,Maceió,BR,-9.6658,-35.7353,83.64,65,40,12.66,scattered clouds
62,Pevek,RU,69.7008,170.3133,-21.64,100,100,5.35,overcast clouds
63,Atuona,PF,-9.8,-139.0333,79.5,72,5,23.31,clear sky
64,Albany,US,42.6001,-73.9662,60.17,37,93,3.0,overcast clouds
65,Mana,GF,5.6592,-53.7767,79.47,82,72,12.19,light rain
66,Hong Kong,HK,22.2855,114.1577,70.18,78,27,3.0,scattered clouds
67,Nelson Bay,AU,-32.7167,152.15,66.99,96,4,2.66,clear sky
68,Yongchang,CN,30.0381,119.7317,50.58,80,95,1.34,overcast clouds
69,Tawao,MY,4.2498,117.8871,76.8,90,100,9.73,very heavy rain
70,Qasigiannguit,GL,68.8193,-51.1922,28.65,90,24,0.45,few clouds
71,Isola del Liri,IT,41.6862,13.5823,51.3,70,8,1.57,clear sky
72,Puerto Carreño,CO,6.189,-67.4859,78.78,83,99,7.85,moderate rain
73,Castro,BR,-24.7911,-50.0119,73.2,81,29,1.61,scattered clouds
74,Jacareacanga,BR,-6.2222,-57.7528,87.87,57,28,3.96,heavy intensity rain
75,Yulara,AU,-25.2406,130.9889,69.64,64,40,10.36,scattered clouds
76,Hilo,US,19.7297,-155.09,74.12,87,75,5.75,broken clouds
77,Saint Augustine,US,29.8947,-81.3145,90.05,51,40,16.11,scattered clouds
78,La Ronge,CA,55.1001,-105.2842,38.19,81,99,13.98,overcast clouds
79,Saldanha,ZA,-33.0117,17.9442,61.54,78,0,8.08,clear sky
80,Bredasdorp,ZA,-34.5322,20.0403,60.48,69,0,14.67,clear sky
81,Port Alfred,ZA,-33.5906,26.891,64.02,77,5,9.1,clear sky
82,Puerto Ayora,EC,-0.7393,-90.3518,85.96,87,51,5.01,broken clouds
83,Tuktoyaktuk,CA,69.4541,-133.0374,-8.05,89,29,4.36,scattered clouds
84,Lichuan,CN,30.3,108.85,45.54,95,100,2.57,overcast clouds
85,Hobart,AU,-42.8794,147.3294,53.46,71,75,3.44,broken clouds
86,Busselton,AU,-33.65,115.3333,55.31,75,10,7.61,clear sky
87,Chokurdakh,RU,70.6333,147.9167,-20.45,100,97,4.56,overcast clouds
88,Mitsamiouli,KM,-11.3847,43.2844,81.82,76,1,6.93,clear sky
89,Seoul,KR,37.5683,126.9778,45.84,59,0,1.07,clear sky
90,Golden,US,39.7555,-105.2211,58.24,47,40,25.32,light rain
91,East London,ZA,-33.0153,27.9116,67.12,76,63,6.51,broken clouds
92,Yumen,CN,40.2833,97.2,53.08,15,4,8.03,clear sky
93,Lebu,CL,-37.6167,-73.65,59.25,82,55,12.53,broken clouds
94,Klaksvík,FO,62.2266,-6.589,32.92,59,100,20.98,overcast clouds
95,Praia,CV,14.9215,-23.5087,71.01,72,20,16.15,few clouds
96,Slyudyanka,RU,51.6594,103.7061,35.78,94,100,5.48,overcast clouds
97,Yangi Marg`ilon,UZ,40.4272,71.7189,66.72,34,0,3.4,clear sky
98,Takāb,IR,36.4009,47.1133,49.48,55,39,1.43,scattered clouds
99,Beira,MZ,-19.8436,34.8389,78.55,87,100,8.46,overcast clouds
100,Ferrol,ES,43.4832,-8.2369,52.32,63,1,11.68,clear sky
101,Sabha,LY,27.0377,14.4283,86.36,8,0,3.62,clear sky
102,Chu,KZ,43.5983,73.7614,60.08,44,4,10.09,clear sky
103,Mataura,NZ,-46.1927,168.8643,49.44,71,17,9.31,few clouds
104,Savonlinna,FI,61.8699,28.88,28.45,86,100,20.71,overcast clouds
105,Upernavik,GL,72.7868,-56.1549,26.56,95,100,7.4,light snow
106,Terrace,CA,54.5163,-128.6035,44.2,68,93,6.08,light rain
107,Xixiang,CN,35.1628,112.865,60.53,42,0,3.04,clear sky
108,Coquimbo,CL,-29.9533,-71.3436,58.73,88,75,13.8,broken clouds
109,Sabang,ID,5.8933,95.3214,77.76,83,100,2.08,light rain
110,Cabo San Lucas,MX,22.8909,-109.9124,79.61,64,0,10.36,clear sky
111,Esperance,AU,-33.8667,121.9,62.64,72,88,6.53,overcast clouds
112,Hambantota,LK,6.1241,81.1185,77.47,84,31,4.38,scattered clouds
113,Beyneu,KZ,45.3167,55.2,54.97,39,99,14.23,overcast clouds
114,Sirte,LY,31.2089,16.5887,65.5,78,15,9.31,few clouds
115,Hasaki,JP,35.7333,140.8333,48.6,76,100,6.44,overcast clouds
116,Rawson,AR,-43.3002,-65.1023,75.67,34,48,25.26,scattered clouds
117,Baltoji Vokė,LT,54.6,25.2,32.45,64,0,6.91,clear sky
118,Geraldton,AU,-28.7667,114.6,63.01,72,57,10.36,broken clouds
119,Naze,JP,28.3667,129.4833,57.97,65,76,2.26,broken clouds
120,Winfield,US,37.2398,-96.9956,71.69,56,40,13.8,scattered clouds
121,Cidreira,BR,-30.1811,-50.2056,69.75,71,22,8.93,few clouds
122,Husavik,IS,66.0449,-17.3389,26.96,94,100,30.4,snow
123,Hualmay,PE,-11.0964,-77.6139,74.25,72,56,9.91,broken clouds
124,Lagoa,PT,39.05,-27.9833,59.79,84,25,13.91,scattered clouds
125,Los Llanos de Aridane,ES,28.6585,-17.9182,58.75,75,40,20.71,scattered clouds
126,Mt. Pleasant,US,32.7941,-79.8626,75.07,77,100,14.97,overcast clouds
127,Kiryat Gat,IL,31.61,34.7642,78.4,25,100,3.49,overcast clouds
128,La Sarre,CA,48.8002,-79.1996,42.94,59,76,4.63,broken clouds
129,Geelong,AU,-38.1471,144.3607,61.34,83,100,8.05,overcast clouds
130,Troitskoye,RU,52.9821,84.6757,42.62,84,100,7.45,overcast clouds
131,Ferkessédougou,CI,9.6,-5.2,88.34,39,100,3.65,overcast clouds
132,Tōno,JP,39.3167,141.5333,39.45,97,100,2.98,overcast clouds
133,Aklavik,CA,68.2191,-135.0107,-4.07,85,81,6.93,broken clouds
134,Qaanaaq,GL,77.484,-69.3632,12.67,85,47,2.39,scattered clouds
135,Vila Franca do Campo,PT,37.7167,-25.4333,59.41,67,23,4.25,few clouds
136,Povenets,RU,62.8487,34.8262,32.9,97,100,18.03,light snow
137,Quatre Cocos,MU,-20.2078,57.7625,78.1,86,86,10.2,moderate rain
138,Bambous Virieux,MU,-20.3428,57.7575,78.22,94,75,3.44,moderate rain
139,Ardea,IT,41.6123,12.5143,54.63,73,5,4.63,clear sky
140,Kyabram,AU,-36.3167,145.05,58.87,77,100,5.32,light rain
141,Tūkrah,LY,32.5341,20.5791,66.04,64,100,2.39,overcast clouds
142,Kabanjahe,ID,3.1001,98.4908,63.1,97,100,3.18,overcast clouds
143,Buchanan,LR,5.8808,-10.0467,80.64,87,82,8.84,broken clouds
144,Noyabrsk,RU,63.1994,75.4507,33.21,89,100,27.45,overcast clouds
145,Menzel Kamel,TN,35.6248,10.6673,60.24,82,40,12.66,scattered clouds
146,Barcelos,PT,41.5388,-8.6151,55.85,64,98,3.8,overcast clouds
147,Avarua,CK,-21.2078,-159.775,84.25,74,20,8.05,few clouds
148,Omboué,GA,-1.5746,9.2618,78.69,87,42,8.72,scattered clouds
149,Marsh Harbour,BS,26.5412,-77.0636,77.47,76,75,15.43,broken clouds
150,Gladstone,AU,-23.85,151.25,69.73,83,14,4.61,few clouds
151,Brae,GB,60.3964,-1.353,37.62,72,100,7.7,overcast clouds
152,Road Town,VG,18.4167,-64.6167,82.44,69,40,11.5,scattered clouds
153,Karasjok,NO,69.4719,25.5112,24.8,91,100,24.94,overcast clouds
154,Bandarbeyla,SO,9.4942,50.8122,79.27,71,3,7.16,clear sky
155,Mahon,ES,39.8885,4.2658,54.16,66,40,8.05,moderate rain
156,Clyde River,CA,70.4692,-68.5914,7.36,83,0,2.64,clear sky
157,Yar-Sale,RU,66.8333,70.8333,26.89,97,100,23.87,snow
158,Marabá,BR,-5.3686,-49.1178,86.18,79,75,2.3,broken clouds
159,Port Elizabeth,ZA,-33.918,25.5701,64.31,76,5,17.0,clear sky
160,Mwene-Ditu,CD,-7.0,23.45,69.15,83,56,2.51,broken clouds
161,Severo-Kuril'sk,RU,50.6789,156.125,33.67,67,3,4.61,clear sky
162,Ambon City,ID,-3.6954,128.1814,77.14,88,20,4.61,few clouds
163,Yeppoon,AU,-23.1333,150.7333,69.58,76,5,12.12,clear sky
164,Taoudenni,ML,22.6783,-3.9836,89.98,16,0,9.78,clear sky
165,Port Hawkesbury,CA,45.6169,-61.3485,37.9,78,61,8.99,broken clouds
166,Pisco,PE,-13.7,-76.2167,75.25,64,0,17.27,clear sky
167,Cherskiy,RU,68.75,161.3,-17.21,98,35,2.39,scattered clouds
168,Mehrān,IR,33.1222,46.1646,76.62,20,88,6.67,overcast clouds
169,Havre-St-Pierre,CA,50.2334,-63.5986,33.96,74,98,9.48,overcast clouds
170,Springdale,US,36.1867,-94.1288,74.93,58,0,20.71,clear sky
171,Hermosillo,MX,29.0667,-110.9667,90.21,27,0,8.99,clear sky
172,Deputatsky,RU,69.3,139.9,-17.86,100,100,1.79,overcast clouds
173,Cairns,AU,-16.9167,145.7667,73.35,88,100,0.0,overcast clouds
174,Umm Kaddadah,SD,13.6017,26.6876,88.07,13,0,12.41,clear sky
175,Hofn,IS,64.2539,-15.2082,30.45,56,31,21.18,scattered clouds
176,Oddur,SO,4.1213,43.8894,78.66,54,1,16.35,clear sky
177,Nago,JP,26.5881,127.9761,65.25,60,87,4.79,overcast clouds
178,Nikolskoye,RU,59.7035,30.7861,30.78,85,84,12.1,broken clouds
179,Vestmanna,FO,62.1564,-7.1664,31.12,64,75,12.66,broken clouds
180,Mar del Plata,AR,-38.0023,-57.5575,76.87,42,0,16.11,clear sky
181,Dzhebariki-Khaya,RU,62.2167,135.8,-7.94,100,90,1.79,overcast clouds
182,Araripe,BR,-7.2125,-40.0461,76.57,59,100,5.37,overcast clouds
183,Margate,GB,51.3813,1.3862,53.87,71,18,1.01,few clouds
184,Riyadh,SA,24.6877,46.7219,80.74,9,0,9.44,clear sky
185,Airai,TL,-8.9266,125.4092,58.03,90,34,1.79,scattered clouds
186,Mingguang,CN,32.7802,117.9638,57.24,62,0,4.0,clear sky
187,Bethel,US,41.3712,-73.414,59.85,45,75,9.22,broken clouds
188,Malindi,KE,-3.2175,40.1191,82.29,75,0,11.56,clear sky
189,Barra do Garças,BR,-15.89,-52.2567,86.68,59,0,2.75,clear sky
190,Mount Gambier,AU,-37.8333,140.7667,57.11,94,100,8.05,overcast clouds
191,Grande Prairie,CA,55.1667,-118.8027,46.15,41,100,10.56,overcast clouds
192,Xining,CN,36.6167,101.7667,44.11,39,55,2.26,broken clouds
193,Iseyin,NG,7.9667,3.6,82.42,66,94,9.66,light rain
194,Poum,NC,-20.2333,164.0167,77.43,94,100,49.06,very heavy rain
195,Ossora,RU,59.2353,163.0719,11.35,94,67,5.82,broken clouds
196,Asău,RO,46.4333,26.4,45.28,69,100,5.68,overcast clouds
197,Souillac,MU,-20.5167,57.5167,77.38,94,75,3.44,light rain
198,Nova Soure,BR,-11.2333,-38.4833,89.04,39,5,15.79,clear sky
199,Mwinilunga,ZM,-11.7358,24.4293,62.56,92,45,1.97,scattered clouds
200,Belmonte,BR,-15.8631,-38.8828,80.87,72,7,6.58,clear sky
201,Constitución,CL,-35.3333,-72.4167,64.9,62,9,12.88,clear sky
202,Mykolayivka,UA,47.5414,30.7561,48.09,52,100,7.45,overcast clouds
203,Severo-Yeniseyskiy,RU,60.3725,93.0408,29.79,98,100,4.65,overcast clouds
204,Oodweyne,SO,9.4092,45.064,76.35,23,7,10.11,clear sky
205,Longyearbyen,SJ,78.2186,15.6401,10.24,61,0,13.8,clear sky
206,Meulaboh,ID,4.1363,96.1285,76.82,87,93,3.74,overcast clouds
207,Beringovskiy,RU,63.05,179.3167,-5.98,87,18,5.55,few clouds
208,Perelyub,RU,51.8667,50.3667,33.67,76,8,8.12,clear sky
209,Verkhnyaya Toyma,RU,62.2349,44.9985,26.71,94,95,8.03,overcast clouds
210,Sechura,PE,-5.5569,-80.8222,83.17,56,24,14.92,few clouds
211,Leningradskiy,RU,69.3833,178.4167,-6.48,85,9,13.69,clear sky
212,Lorengau,PG,-2.0226,147.2712,81.1,83,100,15.82,very heavy rain
213,Norman Wells,CA,65.282,-126.8329,13.33,83,48,1.34,scattered clouds
214,Vestmannaeyjar,IS,63.4427,-20.2734,31.82,48,100,17.27,overcast clouds
215,Kuytun,RU,54.3419,101.5036,26.92,98,100,2.59,overcast clouds
216,Chumikan,RU,54.7183,135.315,24.49,97,100,5.59,snow
217,Belém de São Francisco,BR,-8.7539,-38.9658,93.47,28,12,11.32,few clouds
218,Jardim,BR,-21.4803,-56.1381,82.96,65,70,6.44,broken clouds
219,Ati,TD,13.2154,18.3353,91.6,11,19,6.58,few clouds
220,Ilulissat,GL,69.2167,-51.1,28.42,86,75,4.61,broken clouds
221,Vallenar,CL,-28.5708,-70.7581,85.46,17,0,7.67,clear sky
222,Semey,KZ,50.4111,80.2275,48.0,65,1,8.77,clear sky
223,Dunedin,NZ,-45.8742,170.5036,54.81,76,100,10.0,overcast clouds
224,Kapoeta,SS,4.7717,33.5903,86.94,32,10,7.23,clear sky
225,Saskylakh,RU,71.9167,114.0833,-26.28,100,66,2.57,broken clouds
226,Mahébourg,MU,-20.4081,57.7,78.26,94,75,3.44,broken clouds
227,Lormont,FR,44.875,-0.5178,51.71,77,100,6.91,overcast clouds
228,Portland,US,45.5234,-122.6762,55.69,58,40,10.36,scattered clouds
229,Sitka,US,57.0531,-135.33,39.09,81,75,0.0,broken clouds
230,Joshīmath,IN,30.5667,79.5667,54.07,31,0,9.19,clear sky
231,Dryden,CA,49.7833,-92.7503,34.09,86,100,11.5,overcast clouds
232,Ponta do Sol,PT,32.6667,-17.1,60.71,64,45,7.43,scattered clouds
233,Klamath Falls,US,42.2249,-121.7817,45.86,44,40,9.22,scattered clouds
234,Tak,TH,16.5833,98.8333,69.48,70,89,1.9,overcast clouds
235,Ginda,IN,30.6945,78.4932,56.89,24,0,8.1,clear sky
236,Lüderitz,NA,-26.6481,15.1594,61.61,79,0,12.75,clear sky
237,Ostrovnoy,RU,68.0531,39.5131,25.79,87,100,14.12,overcast clouds
238,Paamiut,GL,61.994,-49.6678,32.49,86,100,2.06,overcast clouds
239,Puerto Escondido,MX,15.85,-97.0667,85.03,74,20,13.8,few clouds
240,Jieshi,CN,22.8134,115.8257,68.95,72,60,7.07,broken clouds
241,Nemuro,JP,43.3236,145.575,38.21,93,66,16.93,broken clouds
242,Kungurtug,RU,50.5994,97.5228,26.55,94,100,1.97,overcast clouds
243,Cam Ranh,VN,11.9214,109.1591,76.96,78,40,13.8,scattered clouds
244,Turbat,PK,26.0023,63.044,82.89,27,47,4.76,scattered clouds
245,Ebetsu,JP,43.1081,141.5506,41.68,84,14,10.83,few clouds
246,Halifax,CA,44.6453,-63.5724,50.68,37,48,17.0,scattered clouds
247,Kawalu,ID,-7.3817,108.2082,71.29,96,100,1.43,overcast clouds
248,Middelburg,ZA,-25.7751,29.4648,62.13,57,0,4.68,clear sky
249,Bathsheba,BB,13.2167,-59.5167,83.01,61,20,8.05,few clouds
250,Scarborough,GB,54.2797,-0.4044,49.57,83,100,10.0,light rain
251,Banfora,BF,10.6333,-4.7667,92.03,35,93,1.97,overcast clouds
252,Kruisfontein,ZA,-34.0033,24.7314,61.88,71,7,16.84,clear sky
253,Vikhorevka,RU,56.1201,101.1636,29.79,99,100,2.93,overcast clouds
254,Chiang Rai,TH,19.9167,99.9167,81.3,90,59,0.47,broken clouds
255,Panguna,PG,-6.3164,155.4848,69.03,97,100,0.69,overcast clouds
256,Māngrol,IN,21.1167,70.1167,78.49,73,61,9.69,broken clouds
257,Abashiri,JP,44.0213,144.2697,38.1,88,0,12.5,clear sky
258,Bagé,BR,-31.3314,-54.1069,76.78,53,20,9.22,few clouds
259,Khatanga,RU,71.9667,102.5,-11.83,92,8,8.41,clear sky
260,Kemin,KG,42.7846,75.6892,57.18,43,0,7.76,clear sky
261,Inírida,CO,3.8653,-67.9239,78.53,92,100,3.38,moderate rain
262,Inhambane,MZ,-23.865,35.3833,78.1,78,45,10.67,scattered clouds
263,Aquiraz,BR,-3.9014,-38.3911,84.29,79,53,8.79,light rain
264,Aykino,RU,62.2248,49.9922,9.63,97,41,2.91,scattered clouds
265,Ginir,ET,7.1333,40.7,62.98,50,27,4.85,scattered clouds
266,Bairiki Village,KI,1.3292,172.9752,80.46,82,50,17.18,light rain
267,Kishanganj,IN,26.1167,87.9333,77.81,79,33,8.81,scattered clouds
268,Tiksi,RU,71.6872,128.8694,-17.93,100,100,2.26,overcast clouds
269,Lompoc,US,34.6391,-120.4579,86.56,51,0,24.16,clear sky
270,Yatou,CN,37.15,122.3833,45.14,65,0,14.83,clear sky
271,Nur-Sultan,KZ,51.1801,71.446,28.35,100,14,6.71,fog
272,Sibolga,ID,1.7427,98.7792,75.88,88,95,3.42,overcast clouds
273,Chandla,IN,25.0833,80.2,83.86,7,5,3.94,clear sky
274,Mehamn,NO,71.0357,27.8492,30.15,64,75,16.11,broken clouds
275,Avera,US,33.194,-82.5271,67.51,92,100,16.55,heavy intensity rain
276,Wilmington Island,US,32.0036,-80.9737,75.29,66,100,17.27,overcast clouds
277,Salinópolis,BR,-0.6136,-47.3561,77.2,91,98,5.35,heavy intensity rain
278,Cap Malheureux,MU,-19.9842,57.6142,78.48,88,100,1.01,overcast clouds
279,Tuatapere,NZ,-46.1333,167.6833,50.05,79,58,12.97,broken clouds
280,Aswān,EG,24.0934,32.907,87.1,8,0,8.05,clear sky
281,Mandera,KE,3.9366,41.867,91.74,29,46,5.32,scattered clouds
282,Pyapon,MM,16.2833,95.6833,80.13,72,100,6.02,overcast clouds
283,Waingapu,ID,-9.6567,120.2641,76.77,84,99,6.13,overcast clouds
284,Aleksandrov Gay,RU,50.147,48.5704,38.46,73,76,9.31,broken clouds
285,Praia da Vitória,PT,38.7333,-27.0667,62.85,77,20,7.31,few clouds
286,Hare Bay,CA,48.8499,-54.0148,33.4,94,100,14.0,overcast clouds
287,Ozernovskiy,RU,51.5,156.5167,37.09,60,4,5.75,clear sky
288,Prestea,GH,5.4327,-2.1428,79.07,86,90,4.68,overcast clouds
289,Narsaq,GL,60.9167,-46.05,41.22,74,28,3.49,scattered clouds
290,Rexburg,US,43.826,-111.7897,42.31,22,100,11.5,overcast clouds
291,Zaragoza,ES,41.6561,-0.8773,54.86,37,0,6.91,clear sky
292,Adrar,MR,20.5022,-10.0711,81.75,19,6,6.33,clear sky
293,Colares,PT,38.7992,-9.4469,53.76,64,20,8.99,few clouds
294,Urusha,RU,54.05,122.9,9.41,77,12,6.44,few clouds
295,Itarema,BR,-2.9248,-39.9167,80.44,82,6,10.31,clear sky
296,Raudeberg,NO,61.9875,5.1352,30.96,54,97,13.38,light snow
297,Turukhansk,RU,65.8167,87.9833,32.41,85,100,20.89,overcast clouds
298,Berlevåg,NO,70.8578,29.0864,30.2,79,100,29.24,overcast clouds
299,San Cristobal,VE,7.7669,-72.225,80.78,50,95,4.34,overcast clouds
300,Laguna,US,38.421,-121.4238,71.89,25,0,17.27,clear sky
301,Yining,CN,29.0361,114.5636,56.01,89,99,1.01,overcast clouds
302,Kaitangata,NZ,-46.2817,169.8464,50.67,73,69,13.53,broken clouds
303,Monclova,MX,26.9,-101.4167,95.05,11,75,25.32,broken clouds
304,Aden,YE,12.7794,45.0367,81.63,64,0,14.43,clear sky
305,Linkou,CN,45.3,130.2833,27.55,38,0,15.97,clear sky
306,Ferme-Neuve,CA,46.7001,-75.4493,46.38,54,17,1.9,few clouds
307,Yerbogachën,RU,61.2767,108.0108,13.98,96,100,2.68,overcast clouds
308,Amapá,BR,1.0,-52.0,73.89,98,100,3.71,overcast clouds
309,Kosino,RU,58.4127,51.2782,24.75,96,84,6.87,broken clouds
310,Teya,RU,60.3778,92.6267,34.83,99,100,5.39,overcast clouds
311,Khandyga,RU,62.6667,135.6,-6.47,98,85,1.81,overcast clouds
312,Muros,ES,42.7762,-9.0603,54.09,68,0,13.33,clear sky
313,Fuengirola,ES,36.54,-4.6247,57.2,81,20,10.36,light rain
314,Monzón,ES,41.9108,0.1941,51.22,47,100,1.32,overcast clouds
315,São Filipe,CV,14.8961,-24.4956,71.19,73,4,10.67,clear sky
316,Greymouth,NZ,-42.4667,171.2,62.73,89,100,11.9,overcast clouds
317,Farafangana,MG,-22.8167,47.8333,76.08,90,17,5.61,light rain
318,Xinqing,CN,48.2333,129.5,21.24,78,100,12.3,overcast clouds
319,Cayenne,GF,4.9333,-52.3333,77.04,1,100,5.75,light rain
320,Chui,UY,-33.6971,-53.4616,69.26,39,0,8.25,clear sky
321,Martapura,ID,-3.4167,114.85,71.69,100,85,3.44,overcast clouds
322,Sept-Îles,CA,50.2001,-66.3821,39.72,33,40,11.5,scattered clouds
323,Novikovo,RU,51.1537,37.8879,40.77,78,100,15.35,light rain
324,Tsiroanomandidy,MG,-18.7667,46.0333,66.04,81,0,0.45,clear sky
325,Daitari,IN,21.1,85.75,71.6,94,28,1.07,scattered clouds
326,Ambanja,MG,-13.6833,48.45,75.78,92,100,2.91,overcast clouds
327,Nanortalik,GL,60.1432,-45.2371,34.2,80,72,2.59,broken clouds
328,Gloversville,US,43.0528,-74.3438,58.19,54,0,3.44,clear sky
329,Acajutla,SV,13.5928,-89.8275,87.46,57,99,9.93,overcast clouds
330,Santa Isabel Rio Negro,BR,-0.4139,-65.0192,77.76,96,100,0.34,light rain
331,Rincon,US,32.296,-81.2354,75.16,73,100,18.41,overcast clouds
332,Zhezkazgan,KZ,47.8043,67.7144,45.73,78,80,8.57,broken clouds
333,Dudinka,RU,69.4058,86.1778,19.42,79,94,15.05,overcast clouds
334,Xai-Xai,MZ,-25.0519,33.6442,78.12,70,18,12.08,few clouds
335,Bilibino,RU,68.0546,166.4372,-10.64,88,17,2.66,few clouds
336,Fort Nelson,CA,58.8053,-122.7002,40.59,42,20,0.0,few clouds
337,Hithadhoo,MV,-0.6,73.0833,82.72,66,56,4.59,broken clouds
338,Raja,SS,8.4596,25.678,85.71,38,83,4.41,broken clouds
339,Azángaro,PE,-14.9167,-70.2167,60.96,38,83,1.92,broken clouds
340,Westport,US,41.1415,-73.3579,58.62,51,100,6.91,overcast clouds
341,Artigas,UY,-30.4,-56.4667,71.38,80,88,9.62,overcast clouds
342,Katsuura,JP,35.1333,140.3,56.79,83,100,3.18,overcast clouds
343,Florida,US,28.7505,-82.5001,89.01,68,40,9.22,scattered clouds
344,Srednekolymsk,RU,67.45,153.6833,-22.7,100,100,4.72,overcast clouds
345,Dhidhdhoo,MV,6.8833,73.1,83.44,68,19,2.24,few clouds
346,Macapá,BR,0.0389,-51.0664,82.38,83,40,11.5,scattered clouds
347,Namatanai,PG,-3.6667,152.4333,77.68,90,100,6.67,heavy intensity rain
348,Port Lincoln,AU,-34.7333,135.8667,60.1,80,10,13.82,clear sky
349,Bereda,ES,43.2686,-7.5406,40.41,86,0,4.7,clear sky
350,Kahului,US,20.8947,-156.47,82.42,63,20,14.97,few clouds
351,Eureka,US,40.8021,-124.1637,59.13,71,7,8.99,clear sky
352,Auki,SB,-8.7676,160.7034,75.69,95,100,7.18,moderate rain
353,Santoña,ES,43.4439,-3.4576,48.13,69,12,1.92,few clouds
354,San Andrés,CO,12.5847,-81.7006,86.02,70,20,12.66,few clouds
355,Waddān,LY,29.1614,16.139,89.83,8,6,4.25,clear sky
356,Coyhaique,CL,-45.5752,-72.0662,61.41,77,100,3.44,light rain
357,Hjallerup,DK,57.1647,10.1457,37.18,78,98,6.91,overcast clouds
358,High Level,CA,58.5169,-117.136,41.11,48,20,9.22,few clouds
359,Fairbanks,US,64.8378,-147.7164,22.3,67,75,1.01,broken clouds
360,Knysna,ZA,-34.0363,23.0471,61.27,87,68,7.16,light rain
361,Kuril'sk,RU,45.2333,147.8833,38.26,91,17,13.15,few clouds
362,Laas,IT,46.6166,10.7002,49.08,92,61,4.68,broken clouds
363,Bundaberg,AU,-24.85,152.35,67.21,96,0,5.75,clear sky
364,Viedma,AR,-40.8135,-62.9967,78.49,28,4,13.67,clear sky
365,Revelstoke,CA,50.9832,-118.2023,44.62,70,75,9.22,broken clouds
366,Grindavik,IS,63.8424,-22.4338,28.35,63,40,27.63,scattered clouds
367,Walvis Bay,NA,-22.9575,14.5053,59.95,82,0,2.3,clear sky
368,Koltubanovskiy,RU,52.9407,52.0269,29.19,88,8,4.43,clear sky
369,Tazovsky,RU,67.4667,78.7,33.31,99,100,21.39,snow
370,Schwedt,DE,53.0596,14.2815,43.52,93,100,9.42,overcast clouds
371,Half Moon Bay,US,37.4636,-122.4286,73.54,52,20,10.36,few clouds
372,Guánica,PR,17.9716,-66.908,84.51,69,47,15.93,scattered clouds
373,Dakoro,NE,14.5106,6.765,88.09,7,7,4.43,clear sky
374,Wang Saphung,TH,17.301,101.7685,75.74,55,68,2.19,broken clouds
375,Ambulu,ID,-8.345,113.6058,75.24,89,87,1.9,overcast clouds
376,Pirgos,GR,35.1167,25.7178,64.62,67,100,7.07,overcast clouds
377,Livingstone,ZM,-17.8419,25.8543,69.4,84,54,3.0,broken clouds
378,Saint-Augustin,CA,51.226,-58.6502,34.29,95,100,14.67,overcast clouds
379,Bubaque,GW,11.2833,-15.8333,75.54,76,0,23.96,clear sky
380,Santo Antônio do Sudoeste,BR,-26.0736,-53.7253,79.75,70,64,0.47,moderate rain
381,Vostok,RU,46.4856,135.8833,21.27,83,100,13.56,light snow
382,Calama,CL,-22.4667,-68.9333,73.89,7,40,21.85,scattered clouds
383,Tatarsk,RU,55.219,75.9828,37.99,87,9,8.66,clear sky
384,Swan Hill,AU,-35.3378,143.5544,60.71,57,100,8.16,overcast clouds
385,Voh,NC,-20.9667,164.7,73.42,94,100,10.51,moderate rain
386,Parāsia,IN,22.2,78.7667,79.92,17,0,2.82,clear sky
387,Guerrero Negro,MX,27.9769,-114.0611,75.18,45,1,9.13,clear sky
388,Suez,EG,29.9737,32.5263,82.31,14,45,9.26,scattered clouds
389,Codrington,AU,-38.2667,141.9667,58.69,79,100,10.56,overcast clouds
390,Pechora,RU,65.1472,57.2244,7.57,97,100,5.77,overcast clouds
391,Kpandae,GH,8.4689,-0.0113,89.92,46,97,10.69,overcast clouds
392,Dubai,AE,25.2582,55.3047,82.33,57,0,3.44,clear sky
393,Ambilobe,MG,-13.2,49.05,74.66,95,98,1.88,overcast clouds
394,Anori,BR,-3.7728,-61.6442,82.8,85,62,1.12,broken clouds
395,Shenjiamen,CN,29.9576,122.298,55.9,87,70,7.05,broken clouds
396,Kerema,PG,-7.9631,145.7785,76.96,84,91,3.24,overcast clouds
397,Sinegor'ye,RU,62.0788,150.477,-6.16,100,100,1.19,overcast clouds
398,Trairi,BR,-3.2778,-39.2689,79.9,81,5,9.86,clear sky
399,San Patricio,US,28.017,-97.5169,89.69,48,100,7.94,overcast clouds
400,Bāglung,NP,28.2719,83.5898,65.3,32,19,6.51,few clouds
401,Ternate,ID,0.8,127.4,81.16,80,95,8.79,light rain
402,Philadelphia,US,39.9523,-75.1638,58.77,59,100,12.66,overcast clouds
403,Marystown,CA,47.1666,-55.1483,36.86,100,99,15.99,overcast clouds
404,Isla Vista,US,34.4133,-119.861,87.69,26,0,18.41,clear sky
405,Tilichiki,RU,60.4667,166.1,8.4,94,100,7.61,light snow
406,Alofi,NU,-19.0595,-169.9187,75.09,88,100,4.61,overcast clouds
407,Aborlan,PH,9.4352,118.5492,77.77,89,100,5.14,overcast clouds
408,Sampit,ID,-2.5333,112.95,73.18,98,100,2.04,overcast clouds
409,Donskoye,RU,45.4552,41.9741,39.87,90,75,8.52,broken clouds
410,Ahipara,NZ,-35.1667,173.1667,67.1,93,98,7.02,overcast clouds
411,Toamasina,MG,-18.1667,49.3833,77.0,94,40,3.44,scattered clouds
412,Kathmandu,NP,27.7167,85.3167,66.42,72,20,2.3,few clouds
413,Udachny,RU,66.4167,112.4,-15.41,100,100,3.62,overcast clouds
414,Petrolina,BR,-9.3986,-40.5008,91.45,38,40,8.05,light rain
415,Caravelas,BR,-17.7125,-39.2481,80.69,72,5,6.2,clear sky
416,Morón,AR,-34.6534,-58.6198,79.02,36,0,5.35,clear sky
417,Bengkulu,ID,-3.8004,102.2655,75.69,87,100,3.78,overcast clouds
418,Camacha,PT,33.0833,-16.3333,54.82,62,40,17.27,scattered clouds
419,Griffith,US,41.5284,-87.4237,61.29,67,75,8.05,broken clouds
420,Lithgow,AU,-33.4833,150.15,55.47,98,92,3.09,overcast clouds
421,Olinda,BR,-8.0089,-34.8553,83.93,70,40,8.05,scattered clouds
422,Lander,US,42.833,-108.7307,40.1,16,0,24.16,clear sky
423,Zhigansk,RU,66.7697,123.3711,-11.85,100,69,9.22,broken clouds
424,Cockburn Town,TC,21.4612,-71.1419,78.58,72,0,14.41,clear sky
425,Chermoz,RU,58.787,56.1489,26.76,91,100,8.61,overcast clouds
426,Touros,BR,-5.1989,-35.4608,81.66,74,9,13.27,clear sky
427,Binzhou,CN,37.3667,118.0167,49.98,53,1,17.72,clear sky
428,Jalu,LY,29.0331,21.5482,89.8,8,80,4.94,broken clouds
429,Kushiro,JP,42.975,144.3747,37.72,92,0,15.23,clear sky
430,Nizwá,OM,22.9333,57.5333,78.48,17,0,5.17,clear sky
431,Lata,PT,40.1629,-8.3327,53.82,67,100,4.18,overcast clouds
432,Mitú,CO,1.1983,-70.1733,73.99,96,100,3.51,overcast clouds
433,Catió,GW,11.2833,-15.25,76.71,70,0,11.39,clear sky
434,Comodoro Rivadavia,AR,-45.8667,-67.5,57.06,88,75,9.22,broken clouds
435,Gazli,UZ,40.1333,63.45,76.05,20,100,8.34,overcast clouds
436,Dunmore Town,BS,25.5,-76.65,77.97,79,75,14.61,broken clouds
437,Kitimat,CA,54.0524,-128.6534,43.18,83,100,6.49,light rain
438,Mil'kovo,RU,54.7167,158.6167,27.3,88,99,1.66,overcast clouds
439,Blackwater,AU,-23.5833,148.8833,68.76,86,0,7.31,clear sky
440,Bermejo,AR,-32.8833,-68.8,80.51,29,0,6.91,clear sky
441,Roebourne,AU,-20.7833,117.1333,82.27,61,0,8.95,clear sky
442,Alugan,PH,12.2188,125.4808,79.2,87,100,14.43,overcast clouds
443,Hamilton,US,39.1834,-84.5333,55.76,95,100,1.99,moderate rain
444,Abonnema,NG,4.7084,6.7931,81.43,77,59,8.86,broken clouds
445,Wewak,PG,-3.5534,143.6268,78.67,81,100,4.43,overcast clouds
446,Whitehorse,CA,60.7161,-135.0538,38.17,47,75,15.01,broken clouds
447,Gravdal,NO,68.1214,13.5031,28.29,69,75,6.91,broken clouds
448,Guarapari,BR,-20.6667,-40.4975,82.89,74,24,7.0,few clouds
449,Boueni,YT,-12.9025,45.0761,80.58,74,3,3.36,clear sky
450,Port Blair,IN,11.6667,92.75,77.04,94,100,2.3,overcast clouds
451,Kichera,RU,55.9375,110.0997,12.6,82,100,3.13,overcast clouds
452,Thompson,CA,55.7435,-97.8558,35.76,75,75,12.66,broken clouds
453,Kutum,SD,14.2,24.6667,81.91,13,1,9.73,clear sky
454,Doka,SD,13.5167,35.7667,93.31,14,0,8.08,clear sky
455,Pangnirtung,CA,66.1451,-65.7125,10.4,79,75,3.44,broken clouds
456,Coachella,US,33.6803,-116.1739,95.43,28,0,4.0,clear sky
457,Gīdam,IN,18.9833,81.4,77.04,52,23,2.51,few clouds
458,Suaza,CO,1.9761,-75.7945,80.2,66,38,3.98,scattered clouds
459,Makokou,GA,0.5738,12.8642,73.67,88,98,3.27,light rain
460,Havelock,US,34.8791,-76.9013,76.01,81,100,11.01,overcast clouds
461,Otjiwarongo,NA,-20.4637,16.6477,64.99,36,2,8.46,clear sky
462,Novoagansk,RU,61.9449,76.6625,36.1,83,100,18.07,overcast clouds
463,Pudozh,RU,61.8099,36.5345,33.58,92,100,12.75,light snow
464,Hailun,CN,47.45,126.9333,25.07,56,2,15.08,clear sky
465,Bograd,RU,54.2344,90.8328,42.98,87,100,4.23,overcast clouds
466,Campoverde,PE,-8.4753,-74.8058,89.29,51,83,3.6,broken clouds
467,Potam,MX,27.6,-110.3833,81.0,37,0,13.06,clear sky
468,Tabas,IR,33.5959,56.9244,81.72,10,94,3.4,overcast clouds
469,Hope Mills,US,34.9704,-78.9453,75.6,52,0,14.97,clear sky
470,Anadyr,RU,64.75,177.4833,-5.3,71,0,8.95,clear sky
471,Córdoba,AR,-31.4135,-64.1811,84.76,44,20,14.97,few clouds
472,Ulladulla,AU,-35.35,150.4667,61.77,87,100,7.29,overcast clouds
473,Okhotsk,RU,59.3833,143.3,13.26,81,100,10.51,overcast clouds
474,Kailua,US,21.4022,-157.7394,82.38,70,99,8.01,overcast clouds
475,Vanimo,PG,-2.6741,141.3028,77.34,83,100,5.06,overcast clouds
476,Kabo,CF,7.6994,18.629,79.03,65,100,5.39,overcast clouds
477,Bilma,NE,18.6853,12.9164,90.12,6,5,7.4,clear sky
478,Harar,ET,9.3094,42.1258,67.35,42,53,3.18,broken clouds
479,Pitimbu,BR,-7.4706,-34.8086,81.19,75,100,12.01,overcast clouds
480,Abéché,TD,13.8292,20.8324,86.81,12,0,4.97,clear sky
481,Baykit,RU,61.67,96.37,25.27,98,100,2.59,overcast clouds
482,Berdigestyakh,RU,62.0989,126.6992,1.2,95,100,7.72,overcast clouds
483,Khandela,IN,27.6,75.5,75.97,9,62,4.36,broken clouds
484,Pontes e Lacerda,BR,-15.2261,-59.3353,82.85,74,22,3.65,few clouds
485,Angra dos Reis,BR,-23.0067,-44.3181,76.37,92,99,5.21,overcast clouds
486,Progreso,MX,21.2833,-89.6667,98.71,43,4,6.17,clear sky
487,Ust-Nera,RU,64.5667,143.2,-16.37,100,94,4.97,overcast clouds
488,Pleasant Point,NZ,-44.2667,171.1333,59.29,95,100,5.68,light rain
489,Goldsboro,US,35.3849,-77.9928,77.14,41,100,12.66,overcast clouds
490,Kedrovyy,RU,56.1667,91.8167,32.41,97,100,6.38,overcast clouds
491,Boguchany,RU,58.3814,97.4531,34.36,99,100,2.68,overcast clouds
492,Kaeo,NZ,-35.1,173.7833,68.32,97,100,6.71,overcast clouds
493,Mildura,AU,-34.2,142.15,66.16,48,100,6.91,overcast clouds
494,Hurghada,EG,27.2574,33.8129,84.24,7,0,9.22,clear sky
495,Goderich,CA,43.7501,-81.7165,42.91,81,65,8.05,broken clouds
496,Dinguiraye,GN,11.3,-10.7167,93.9,15,91,1.01,overcast clouds
497,Gusau,NG,12.1628,6.6614,92.79,19,98,4.45,overcast clouds
498,Prachuap Khiri Khan,TH,12.2167,99.75,80.69,71,100,2.44,overcast clouds
499,Berbera,SO,10.4396,45.0143,82.94,51,1,7.45,clear sky
500,Henties Bay,NA,-22.116,14.2845,61.86,78,0,10.36,clear sky
501,Zaozyornoye,UA,45.1582,33.2787,45.25,88,21,17.36,few clouds
502,Nueva Gerona,CU,21.8833,-82.8,86.31,60,0,18.84,clear sky
503,Puerto Baquerizo Moreno,EC,-0.9,-89.6,83.39,79,40,8.05,scattered clouds
504,Krasnosel'kup,RU,65.7,82.4667,34.29,99,100,24.56,overcast clouds
505,La Rochelle,FR,46.1667,-1.15,51.87,87,100,10.36,overcast clouds
506,Jiangyou,CN,31.7667,104.7167,55.9,85,100,3.11,light rain
507,La Baule-Escoublac,FR,47.2922,-2.364,48.7,93,40,5.75,scattered clouds
508,Palana,RU,59.1167,159.9667,20.82,94,99,10.25,overcast clouds
509,Pyshma,RU,56.9523,63.2513,30.88,77,73,16.02,broken clouds
510,Vidalia,US,32.2177,-82.4135,76.95,78,75,3.44,broken clouds
511,Glens Falls,US,43.3095,-73.644,60.3,41,0,5.99,clear sky
512,Lucea,JM,18.451,-78.1736,84.06,76,63,5.86,broken clouds
513,Chulym,RU,55.0997,80.9572,40.35,90,100,9.1,overcast clouds
514,Caiapônia,BR,-16.9567,-51.8103,83.48,55,5,3.29,clear sky
515,Tyukalinsk,RU,55.8732,72.1967,39.22,78,38,14.29,scattered clouds
516,Ocampo,MX,21.65,-101.5,77.68,8,6,18.01,clear sky
517,Oranjemund,NA,-28.55,16.4333,60.44,88,1,6.64,clear sky
518,Kulhudhuffushi,MV,6.6221,73.07,83.37,69,19,1.01,few clouds
519,Hulan Ergi,CN,47.2042,123.6333,25.72,38,0,11.77,clear sky
520,Jodiya,IN,22.6925,70.306,79.97,70,97,15.68,overcast clouds
521,Villa Carlos Paz,AR,-31.4241,-64.4978,81.39,35,1,5.01,clear sky
522,Evensk,RU,61.95,159.2333,10.63,84,90,8.7,overcast clouds
523,Oistins,BB,13.0667,-59.5333,82.49,61,20,8.05,few clouds
524,Amambai,BR,-23.1042,-55.2258,79.99,69,64,6.04,broken clouds
525,Port-Gentil,GA,-0.7193,8.7815,81.25,80,61,13.76,broken clouds
526,Samarai,PG,-10.6167,150.6667,80.02,80,95,13.13,overcast clouds
527,Wakkanai,JP,45.4094,141.6739,39.18,81,100,21.09,overcast clouds
528,Saint Anthony,US,45.0205,-93.218,43.05,87,100,20.71,light rain
529,Caluquembe,AO,-13.7833,14.6833,62.69,84,51,3.22,broken clouds
530,Alice Springs,AU,-23.7,133.8833,69.22,32,13,0.0,few clouds
531,Kyra,RU,49.5776,111.9753,22.23,53,99,3.0,light snow
532,Kalawit,PH,8.0667,122.5167,77.05,87,100,6.11,overcast clouds
533,Matagami,CA,49.7502,-77.6328,44.71,31,0,5.75,clear sky
534,Bonavista,CA,48.6499,-53.1147,33.33,96,99,17.38,overcast clouds
535,Lima,PE,-12.0432,-77.0282,71.85,68,0,12.66,clear sky
536,Talnakh,RU,69.4865,88.3972,8.26,77,54,7.81,broken clouds
537,Redmond,US,47.674,-122.1215,55.35,53,99,5.99,overcast clouds
538,Andra,RU,62.5147,65.8878,23.04,95,100,16.55,light snow
539,Guayaramerín,BO,-10.8368,-65.3614,82.38,80,80,3.13,broken clouds
540,Mpika,ZM,-11.8343,31.4529,61.84,95,100,1.86,light rain
541,Yenagoa,NG,4.9247,6.2642,80.82,78,68,7.83,broken clouds
542,Khorramshahr,IR,30.4397,48.1664,76.96,22,0,4.61,clear sky
543,Imeni Poliny Osipenko,RU,52.4201,136.4853,20.7,92,100,8.3,light snow
544,Cherrapunjee,IN,25.3,91.7,57.92,90,3,2.73,clear sky
545,Kajaani,FI,64.2273,27.7285,32.05,93,100,12.66,light snow
546,Pontiac,US,42.6389,-83.2911,59.32,61,75,4.61,broken clouds
547,Pedasí,PA,7.5333,-80.0333,90.07,70,79,11.3,broken clouds
548,Kātol,IN,21.2667,78.5833,86.81,26,0,7.47,clear sky
549,Virginia Beach,US,36.8529,-75.978,75.02,64,100,17.27,overcast clouds
550,Grand Gaube,MU,-20.0064,57.6608,78.39,88,100,1.01,overcast clouds
551,Inuvik,CA,68.3499,-133.7218,0.46,46,20,2.3,few clouds
552,Parabel',RU,58.6978,81.4825,37.4,95,35,9.73,scattered clouds
553,Roboré,BO,-18.3333,-59.75,91.49,58,40,6.91,scattered clouds
554,Cayhagan,PH,9.6697,122.4256,78.55,82,100,8.79,heavy intensity rain
555,São José da Coroa Grande,BR,-8.8978,-35.1478,80.1,77,100,7.76,overcast clouds
556,Kulu,TR,39.0951,33.0799,54.61,41,53,9.73,broken clouds
557,Davila,PH,18.4726,120.5763,76.41,85,99,16.11,overcast clouds
558,La Reforma,MX,18.1,-91.0167,105.91,21,0,8.55,clear sky
559,Santa Cruz del Sur,CU,20.7147,-77.9956,84.11,63,0,10.98,clear sky
560,Kuminskiy,RU,58.6667,66.5667,31.14,85,86,13.29,overcast clouds
561,Suntar,RU,62.1444,117.6319,-11.34,100,92,1.52,overcast clouds
562,Kenai,US,60.5544,-151.2583,38.14,75,0,17.27,light rain
563,Labuhan,ID,-6.8844,112.2051,76.84,88,100,7.87,overcast clouds
564,Victor Harbor,AU,-35.5667,138.6167,58.1,88,100,6.42,overcast clouds
565,Kununurra,AU,-15.7667,128.7333,75.18,88,75,4.61,broken clouds
566,Chennai,IN,13.0878,80.2785,84.18,83,20,3.44,few clouds
567,Muzhi,RU,65.3667,64.6667,16.05,93,100,18.92,snow
568,Kavieng,PG,-2.5744,150.7967,79.66,85,100,16.98,moderate rain
569,Kuroishi,JP,40.6389,140.5922,47.77,92,98,6.08,overcast clouds
570,Beloha,MG,-25.1667,45.05,74.07,80,95,0.92,overcast clouds
571,Ust'-Omchug,RU,61.15,149.6333,-16.13,100,83,3.4,broken clouds
572,Kalabo,ZM,-14.97,22.6814,72.77,70,99,4.36,overcast clouds
573,Eldoret,KE,0.5204,35.2699,64.0,51,100,8.97,overcast clouds
574,Sambava,MG,-14.2667,50.1667,77.38,91,100,8.16,light rain
575,La Macarena,CO,2.1837,-73.7849,83.73,69,71,2.68,broken clouds
576,Superior,US,46.7208,-92.1041,41.43,90,100,24.16,overcast clouds
577,Ishigaki,JP,24.3448,124.1572,66.33,72,20,8.05,few clouds
578,Saint-Joseph,RE,-21.3667,55.6167,77.38,87,50,8.7,scattered clouds
579,Tutóia,BR,-2.7619,-42.2744,79.32,86,50,5.93,light rain
580,Kandry,RU,54.5667,54.1167,19.72,94,14,5.99,few clouds
581,Soyo,AO,-6.1349,12.3689,77.83,89,47,9.15,scattered clouds
582,Galesong,ID,-5.3166,119.3661,73.42,82,24,2.75,few clouds
583,Rio Grande,BR,-32.035,-52.0986,75.31,54,0,9.22,clear sky
584,Waipawa,NZ,-41.4122,175.5153,62.56,88,98,14.29,overcast clouds
585,Akureyri,IS,65.6835,-18.0878,26.53,93,100,26.46,overcast clouds
586,La Palma,US,33.8464,-118.0467,86.61,63,0,9.22,clear sky
587,Jieshou,CN,33.2634,115.3611,55.87,88,0,5.3,clear sky
588,Fiumicino,IT,41.7675,12.2291,54.48,71,0,5.75,clear sky
589,Vao,NC,-22.6667,167.4833,74.77,85,100,7.83,moderate rain
590,Khanbari,NP,27.3747,87.2039,69.06,62,42,3.18,scattered clouds
591,Playas,EC,-2.6333,-80.3833,78.4,80,41,10.87,scattered clouds
592,Tigil',RU,57.8,158.6667,24.4,94,100,1.57,overcast clouds
593,Luga,RU,58.7372,29.8453,26.17,92,100,12.95,light snow
594,Marabu,MY,4.4148,114.0089,75.34,100,40,3.44,scattered clouds
595,Porto Real do Colégio,BR,-10.1858,-36.84,81.7,69,47,11.88,scattered clouds
596,Bajil,YE,15.0584,43.2851,87.85,38,0,0.87,clear sky
597,Hay River,CA,60.8156,-115.7999,28.38,69,20,8.05,few clouds
598,Japura,ID,-0.3167,102.35,72.48,99,51,2.01,broken clouds
599,Bandiagara,ML,14.3501,-3.6104,93.2,13,81,3.67,broken clouds
600,East Valencia,PH,10.668,122.71,79.05,82,100,15.64,overcast clouds
601,Olafsvik,IS,64.8945,-23.7142,28.26,67,88,32.61,overcast clouds
602,Vindeby,DK,55.0449,10.6131,40.89,78,100,11.3,overcast clouds
603,Faya,SA,18.3851,42.4509,68.52,12,0,8.08,clear sky
604,Finschhafen,PG,-6.6024,147.8681,79.77,81,100,2.91,overcast clouds
605,Gilleleje,DK,56.122,12.3106,39.97,70,88,1.01,overcast clouds
606,Carpen,RO,44.3333,23.25,50.61,50,0,8.99,clear sky
607,Tianpeng,CN,30.9866,103.9393,54.07,82,100,4.18,overcast clouds
608,Tura,IN,25.5198,90.2201,72.28,84,12,5.86,few clouds
609,Lakes Entrance,AU,-37.8811,147.981,54.16,82,99,5.97,light rain
610,Agadir,MA,30.4202,-9.5982,59.45,68,19,9.62,few clouds
611,Rovaniemi,FI,66.5,25.7167,31.41,93,100,17.27,light snow
612,Gao,ML,16.6362,1.637,91.13,5,9,10.51,clear sky
613,Dongsheng,CN,39.8161,109.9776,47.79,21,100,9.17,overcast clouds
614,Pak Phanang,TH,8.3511,100.202,76.68,89,100,2.15,overcast clouds
615,Uthal,PK,25.8072,66.6219,80.65,50,0,5.57,clear sky
616,Myitkyina,MM,25.3833,97.4,66.63,83,79,3.06,broken clouds
617,Kuusamo,FI,65.9667,29.1833,30.24,93,100,14.97,overcast clouds
618,Bonthe,SL,7.5264,-12.505,79.16,78,25,9.1,scattered clouds
619,Albion,US,42.2431,-84.753,60.03,46,0,6.91,clear sky
620,Marzuq,YE,14.4,46.4667,69.15,39,0,5.88,clear sky
621,Wanning,CN,18.8003,110.3967,68.85,90,69,6.6,broken clouds
622,Yashkul',RU,46.1711,45.3435,43.03,77,100,2.51,overcast clouds
623,Darhan,MN,49.4867,105.9228,36.55,42,100,5.77,overcast clouds
624,Carol Stream,US,41.9125,-88.1348,60.49,65,75,8.05,broken clouds
625,Kanniyākumāri,IN,8.0833,77.5667,81.82,73,14,3.65,few clouds
626,Rivière-du-Loup,CA,47.8304,-69.5342,39.47,41,71,3.44,broken clouds
627,Sinnamary,GF,5.3833,-52.95,78.84,85,77,13.47,light rain
628,Kamaishi,JP,39.2667,141.8833,43.83,90,100,8.32,overcast clouds
629,Wainwright,CA,52.839,-110.8572,34.72,92,100,20.47,light snow
630,Verkhoyansk,RU,67.5447,133.385,-20.88,100,97,0.85,overcast clouds
631,Abhā,SA,18.2164,42.5053,68.25,6,0,9.22,clear sky
632,Kuching,MY,1.55,110.3333,73.62,100,40,1.01,scattered clouds
633,Payo,ID,-3.7508,103.6372,71.64,97,99,2.3,overcast clouds
634,Vardø,NO,70.3705,31.1107,31.98,80,75,27.63,broken clouds
635,La Santisima Trinidad,BO,-14.8333,-64.9,89.58,62,75,4.61,broken clouds
636,Patea,NZ,-39.7583,174.4833,64.51,96,39,8.37,scattered clouds
637,Río Gallegos,AR,-51.6226,-69.2181,48.25,37,40,17.27,scattered clouds
638,Antalaha,MG,-14.9003,50.2788,75.49,93,100,5.41,overcast clouds
639,Arlit,NE,18.7369,7.3853,91.4,5,32,11.45,scattered clouds
640,Westerland,DE,54.9079,8.3033,39.94,87,100,3.44,overcast clouds
641,College,US,64.8569,-147.8028,23.29,66,75,1.01,broken clouds
642,Zinder,NE,13.8072,8.9881,89.33,7,44,8.59,scattered clouds
643,Ilo,PE,-17.6394,-71.3375,72.46,78,0,11.5,clear sky
644,Zliten,LY,32.4674,14.5687,61.07,86,54,7.96,broken clouds
645,Sioux Lookout,CA,50.1001,-91.917,37.47,65,100,8.05,overcast clouds
646,Saint-François,FR,46.4154,3.9054,49.44,87,100,6.91,overcast clouds
647,Zyryanka,RU,65.75,150.85,-21.1,100,99,1.3,overcast clouds
648,Piney Green,US,34.716,-77.3202,75.38,52,75,9.22,broken clouds
649,Teguise,ES,29.0605,-13.564,59.22,51,40,9.22,scattered clouds
650,Santa Branca,BR,-23.3967,-45.8839,73.08,78,40,11.5,scattered clouds
651,Goya,AR,-29.14,-59.2626,79.93,56,34,5.5,scattered clouds
652,Diego de Almagro,CL,-26.3667,-70.05,83.7,11,21,12.86,few clouds
653,Bafoulabé,ML,13.8065,-10.8321,97.48,13,58,7.29,broken clouds
654,Arandis,NA,-22.4167,14.9667,64.51,49,0,4.07,clear sky
655,Iquitos,PE,-3.7481,-73.2472,89.64,58,40,4.61,scattered clouds
656,Isangel,VU,-19.55,169.2667,79.45,83,100,7.25,overcast clouds
657,Mahajanga,MG,-15.7167,46.3167,77.02,94,20,1.14,few clouds
658,Aljezur,PT,37.3191,-8.8033,51.73,89,100,8.59,overcast clouds
659,Tarazona,ES,41.9,-1.7333,46.22,55,100,7.96,overcast clouds
660,Camocim,BR,-2.9022,-40.8411,81.3,85,48,5.14,scattered clouds
661,Øksfjord,NO,70.2396,22.3479,30.38,88,100,20.2,light snow
662,Maunabo,PR,18.0072,-65.8993,85.46,74,20,10.83,few clouds
663,Riohacha,CO,11.5444,-72.9072,84.31,74,75,10.36,broken clouds
664,Las Cruces,US,32.3123,-106.7783,86.38,15,0,16.11,clear sky
665,Wajir,KE,1.7471,40.0573,86.86,42,59,23.2,broken clouds
666,Upington,ZA,-28.4478,21.2561,55.78,58,0,3.44,clear sky
667,Wanlaweyn,SO,2.6185,44.8938,80.58,71,53,13.49,broken clouds
668,Khalkhāl,IR,37.6189,48.5258,50.85,39,16,3.13,few clouds
669,Oktyabr'skiy,RU,54.4815,53.471,21.31,94,13,5.55,few clouds
670,Celestún,MX,20.8667,-90.4,88.61,60,4,11.9,clear sky
671,Ugoofaaru,MV,5.6667,73.0,82.89,70,75,1.12,broken clouds
672,Mogadishu,SO,2.0371,45.3438,81.12,76,57,15.57,broken clouds
673,Son La,VN,21.3167,103.9,61.5,78,56,2.77,broken clouds
674,Klimovo,RU,52.3805,32.1923,35.62,94,100,12.68,overcast clouds
675,Porto de Moz,BR,-1.7483,-52.2383,82.47,76,100,2.91,very heavy rain
676,Fasa,IR,28.9383,53.6482,65.44,24,0,0.0,clear sky
677,Bonfim,BR,3.0833,-59.95,90.72,45,98,5.91,overcast clouds
678,Innisfail,AU,-17.5333,146.0333,73.29,84,60,5.06,broken clouds
679,Douglas,US,41.3,-96.167,58.06,76,100,8.05,overcast clouds
680,Launceston,AU,-41.45,147.1667,53.35,67,100,13.8,overcast clouds
681,Alta Floresta,BR,-9.8756,-56.0861,85.82,66,40,3.44,thunderstorm
682,Nicoya,CR,10.1483,-85.452,90.59,51,94,6.22,overcast clouds
683,Nanning,CN,22.8167,108.3167,63.05,62,6,1.72,clear sky
684,Meadow Lake,US,34.8014,-106.5436,79.86,11,0,28.16,clear sky
685,São João da Barra,BR,-21.6403,-41.0511,82.49,80,76,4.97,broken clouds
686,Koslan,RU,63.4564,48.8989,12.81,95,21,4.36,few clouds
687,Bud,US,39.447,-86.1758,55.89,94,100,7.34,overcast clouds
688,Mananjary,MG,-21.2167,48.3333,75.63,91,43,4.34,scattered clouds
689,Prince Rupert,CA,54.3161,-130.3201,44.29,70,0,5.75,clear sky
690,Kieta,PG,-6.2167,155.6333,78.71,87,100,3.85,light rain
691,Twentynine Palms,US,34.1356,-116.0542,88.29,15,0,4.0,clear sky
692,Svetlaya,RU,46.5389,138.3297,29.41,65,16,11.1,few clouds
693,Achutupo,PA,9.2,-77.9833,83.23,76,97,6.08,overcast clouds
694,Kholtoson,RU,50.2981,103.3097,32.14,75,100,3.33,overcast clouds
695,Nabire,ID,-3.3667,135.4833,74.91,87,90,4.61,overcast clouds
696,Khasan,RU,42.4308,130.6434,37.4,47,6,9.42,clear sky
697,Pandan,PH,14.0453,124.1694,78.39,88,100,14.76,overcast clouds
698,Manzhouli,CN,49.6,117.4333,18.84,36,96,6.6,overcast clouds
699,Motygino,RU,58.1831,94.7592,33.48,100,100,3.09,overcast clouds
700,Djibo,BF,14.1022,-1.6306,99.16,15,100,1.41,overcast clouds
701,Belém,BR,-1.4558,-48.5044,77.04,94,75,5.75,moderate rain
702,Gorontalo,ID,0.5412,123.0595,74.39,95,100,1.48,moderate rain
703,Camrose,CA,53.0168,-112.8353,43.93,43,100,25.1,overcast clouds
